﻿{"_id":"20190725","id":"http:\/\/clerkapi.house.gov\/FloorProceedings\/20190725","context":"houseFloorContext.jsonld","type":"Event","name":"LEGISLATIVE DAY OF JULY 25, 2019 ","inLanguage":"en-us","rights":"Pursuant to Title 17 Section 105 of the United States Code, this file is not subject to copyright protection and is in the public domain.","superEvent":{"type":"Event","name":"116 Congress, 1 Session","congressNum":"116","sessionNum":"1","location":{"type":"Place","name":"U.S. House of Representatives","address":{"type":"PostalAddress","streetAddress":"The United States Capitol","addressLocality":"Washington","addressRegion":"DC","postalCode":"20515"}}},"startDate":"2019-07-25T10:00:00.000","endDate":"2019-07-25T12:02:37.000","url":"http:\/\/clerk.house.gov\/floorsummary\/floor.aspx?day=20190725","prevEndDate":"2019-07-24T10:00:00.000","nextStartDate":"","subEvent":[{"type":"Event","uniqueId":"18713","updateDateTime":"2019-07-25T12:03:00.000","actionId":"H8D000","actionTime":"2019-07-25T12:02:37.000","legisNum":"","description":"ONE MINUTE SPEECHES - The House proceeded with one minute speeches, which by direction of the Chair would be limited to 15 per side of the aisle.","url":"http:\/\/clerk.house.gov\/floorsummary\/floor.aspx?day=20190725#18713"},{"type":"Event","uniqueId":"18712","updateDateTime":"2019-07-25T12:01:00.000","actionId":"H2C000","actionTime":"2019-07-25T12:01:43.000","legisNum":"","description":"PLEDGE OF ALLEGIANCE - The Chair designated Mr. Payne to lead the Members in reciting the Pledge of Allegiance to the Flag.","url":"http:\/\/clerk.house.gov\/floorsummary\/floor.aspx?day=20190725#18712"},{"type":"Event","uniqueId":"18711","updateDateTime":"2019-07-25T12:01:00.000","actionId":"H23100","actionTime":"2019-07-25T12:01:42.000","legisNum":"","description":"The Speaker announced approval of the Journal.  Pursuant to clause 1, rule I, the Journal stands approved.","url":"http:\/\/clerk.house.gov\/floorsummary\/floor.aspx?day=20190725#18711"},{"type":"Event","uniqueId":"18710","updateDateTime":"2019-07-25T12:00:00.000","actionId":"H21000","actionTime":"2019-07-25T12:00:02.000","legisNum":"","description":"Today's prayer was offered by Rabbi Gershon Avtzon, Yeshivas Lubavitch Cincinnati, Cincinnati, OH.","url":"http:\/\/clerk.house.gov\/floorsummary\/floor.aspx?day=20190725#18710"},{"type":"Event","uniqueId":"18709","updateDateTime":"2019-07-25T12:00:00.000","actionId":"H20100","actionTime":"2019-07-25T12:00:00.000","legisNum":"","description":"The House convened, returning from a recess continuing the legislative day of July 25.","url":"http:\/\/clerk.house.gov\/floorsummary\/floor.aspx?day=20190725#18709"},{"type":"Event","uniqueId":"18704","updateDateTime":"2019-07-25T11:10:00.000","actionId":"H61000","actionTime":"2019-07-25T11:10:12.000","legisNum":"","description":"The Speaker announced that the House do now recess. The next meeting is scheduled for 12:00 P.M. today.","url":"http:\/\/clerk.house.gov\/floorsummary\/floor.aspx?day=20190725#18704"},{"type":"Event","uniqueId":"18702","updateDateTime":"2019-07-25T10:01:00.000","actionId":"H8D000","actionTime":"2019-07-25T10:00:37.000","legisNum":"","description":"MORNING-HOUR DEBATE - The House proceeded with Morning-Hour Debate. At the conclusion of Morning-Hour, the House will recess until 12:00 p.m. for the start of legislative business.","url":"http:\/\/clerk.house.gov\/floorsummary\/floor.aspx?day=20190725#18702"},{"type":"Event","uniqueId":"18701","updateDateTime":"2019-07-25T10:01:00.000","actionId":"H22000","actionTime":"2019-07-25T10:00:08.000","legisNum":"","description":"The Speaker designated the Honorable Henry Cuellar to act as Speaker pro tempore for today.","url":"http:\/\/clerk.house.gov\/floorsummary\/floor.aspx?day=20190725#18701"},{"type":"Event","uniqueId":"18700","updateDateTime":"2019-07-25T10:01:00.000","actionId":"H20100","actionTime":"2019-07-25T10:00:00.000","legisNum":"","description":"The House convened, starting a new legislative day.","url":"http:\/\/clerk.house.gov\/floorsummary\/floor.aspx?day=20190725#18700"}]}