<?xml version="1.0" encoding="utf-8"?>
<edmx:Edmx Version="1.0" xmlns:edmx="http://schemas.microsoft.com/ado/2007/06/edmx">
  <edmx:DataServices m:DataServiceVersion="3.0" m:MaxDataServiceVersion="3.0" xmlns:m="http://schemas.microsoft.com/ado/2007/08/dataservices/metadata">
    <Schema Namespace="ClerkApi.Metadata.Models.Vote" xmlns="http://schemas.microsoft.com/ado/2009/11/edm">
      <EntityType Name="Vote">
        <Key>
          <PropertyRef Name="id" />
        </Key>
        <Property Name="_id" Type="Edm.String" />
        <Property Name="id" Type="Edm.String" Nullable="false" />
        <Property Name="context" Type="Edm.String" />
        <Property Name="type" Type="Edm.String" />
        <Property Name="name" Type="Edm.String" />
        <Property Name="corrections" Type="Collection(ClerkApi.Metadata.Models.Vote.Correction)" Nullable="false" />
        <Property Name="inLanguage" Type="Edm.String" />
        <Property Name="rights" Type="Edm.String" />
        <Property Name="startDate" Type="Edm.String" />
        <Property Name="endDate" Type="Edm.String" />
        <Property Name="committee" Type="Edm.String" />
        <Property Name="rollCallNum" Type="Edm.String" />
        <Property Name="legisNum" Type="Edm.String" />
        <Property Name="voteQuestion" Type="Edm.String" />
        <Property Name="voteType" Type="Edm.String" />
        <Property Name="result" Type="Edm.String" />
        <Property Name="description" Type="Edm.String" />
        <Property Name="partyTotals" Type="Collection(ClerkApi.Metadata.Models.Vote.PartyTotal)" Nullable="false" />
        <Property Name="voteTotals" Type="Collection(ClerkApi.Metadata.Models.Vote.VoteTotal)" Nullable="false" />
        <Property Name="url" Type="Edm.String" />
        <NavigationProperty Name="superEvent" Relationship="ClerkApi.Metadata.Models.Vote.ClerkApi_Metadata_Models_Vote_Vote_superEvent_ClerkApi_Metadata_Models_Vote_SuperEvent_superEventPartner" ToRole="superEvent" FromRole="superEventPartner" />
        <NavigationProperty Name="members" Relationship="ClerkApi.Metadata.Models.Vote.ClerkApi_Metadata_Models_Vote_Vote_members_ClerkApi_Metadata_Models_Vote_Member_membersPartner" ToRole="members" FromRole="membersPartner" />
      </EntityType>
      <ComplexType Name="Correction">
        <Property Name="issued" Type="Edm.String" />
        <Property Name="description" Type="Edm.String" />
      </ComplexType>
      <EntityType Name="SuperEvent">
        <Key>
          <PropertyRef Name="id" />
        </Key>
        <Property Name="id" Type="Edm.String" Nullable="false" />
        <Property Name="type" Type="Edm.String" />
        <Property Name="superEvent" Type="ClerkApi.Metadata.Models.Vote.SuperSuperEvent" />
      </EntityType>
      <ComplexType Name="SuperSuperEvent">
        <Property Name="type" Type="Edm.String" />
        <Property Name="name" Type="Edm.String" />
        <Property Name="majority" Type="Edm.String" />
        <Property Name="chamber" Type="Edm.String" />
        <Property Name="congressNum" Type="Edm.String" />
        <Property Name="sessionNum" Type="Edm.String" />
        <Property Name="location" Type="ClerkApi.Metadata.Models.Vote.Location" />
      </ComplexType>
      <ComplexType Name="Location">
        <Property Name="type" Type="Edm.String" />
        <Property Name="name" Type="Edm.String" />
        <Property Name="address" Type="ClerkApi.Metadata.Models.Vote.Address" />
      </ComplexType>
      <ComplexType Name="Address">
        <Property Name="type" Type="Edm.String" />
        <Property Name="streetAddress" Type="Edm.String" />
        <Property Name="addressLocality" Type="Edm.String" />
        <Property Name="addressRegion" Type="Edm.String" />
        <Property Name="postalCode" Type="Edm.String" />
      </ComplexType>
      <ComplexType Name="PartyTotal">
        <Property Name="party" Type="Edm.String" />
        <Property Name="option" Type="Edm.String" />
        <Property Name="total" Type="Edm.Int32" Nullable="false" />
      </ComplexType>
      <ComplexType Name="VoteTotal">
        <Property Name="option" Type="Edm.String" />
        <Property Name="total" Type="Edm.Int32" Nullable="false" />
      </ComplexType>
      <EntityType Name="Member">
        <Key>
          <PropertyRef Name="id" />
        </Key>
        <Property Name="type" Type="Edm.String" />
        <Property Name="id" Type="Edm.String" Nullable="false" />
        <Property Name="usCongressBio" Type="Edm.String" />
        <Property Name="familyName" Type="Edm.String" />
        <Property Name="sortName" Type="Edm.String" />
        <Property Name="unaccentedName" Type="Edm.String" />
        <Property Name="address" Type="ClerkApi.Metadata.Models.Vote.MemberAddress" />
        <Property Name="vote" Type="Edm.String" />
        <NavigationProperty Name="memberOf" Relationship="ClerkApi.Metadata.Models.Vote.ClerkApi_Metadata_Models_Vote_Member_memberOf_ClerkApi_Metadata_Models_Vote_MemberOf_memberOfPartner" ToRole="memberOf" FromRole="memberOfPartner" />
      </EntityType>
      <ComplexType Name="MemberAddress">
        <Property Name="type" Type="Edm.String" />
        <Property Name="addressRegion" Type="Edm.String" />
        <Property Name="district" Type="Edm.String" />
      </ComplexType>
      <EntityType Name="MemberOf">
        <Key>
          <PropertyRef Name="id" />
        </Key>
        <Property Name="type" Type="Edm.String" />
        <Property Name="id" Type="Edm.String" Nullable="false" />
        <Property Name="identifier" Type="Edm.String" />
        <Property Name="name" Type="Edm.String" />
      </EntityType>
      <Association Name="ClerkApi_Metadata_Models_Vote_Vote_superEvent_ClerkApi_Metadata_Models_Vote_SuperEvent_superEventPartner">
        <End Type="ClerkApi.Metadata.Models.Vote.SuperEvent" Role="superEvent" Multiplicity="0..1" />
        <End Type="ClerkApi.Metadata.Models.Vote.Vote" Role="superEventPartner" Multiplicity="0..1" />
      </Association>
      <Association Name="ClerkApi_Metadata_Models_Vote_Vote_members_ClerkApi_Metadata_Models_Vote_Member_membersPartner">
        <End Type="ClerkApi.Metadata.Models.Vote.Member" Role="members" Multiplicity="*" />
        <End Type="ClerkApi.Metadata.Models.Vote.Vote" Role="membersPartner" Multiplicity="0..1" />
      </Association>
      <Association Name="ClerkApi_Metadata_Models_Vote_Member_memberOf_ClerkApi_Metadata_Models_Vote_MemberOf_memberOfPartner">
        <End Type="ClerkApi.Metadata.Models.Vote.MemberOf" Role="memberOf" Multiplicity="0..1" />
        <End Type="ClerkApi.Metadata.Models.Vote.Member" Role="memberOfPartner" Multiplicity="0..1" />
      </Association>
    </Schema>
    <Schema Namespace="ClerkApi.Metadata.Models.FloorSummary" xmlns="http://schemas.microsoft.com/ado/2009/11/edm">
      <EntityType Name="FloorSummary">
        <Key>
          <PropertyRef Name="id" />
        </Key>
        <Property Name="_id" Type="Edm.String" />
        <Property Name="id" Type="Edm.String" Nullable="false" />
        <Property Name="context" Type="Edm.String" />
        <Property Name="type" Type="Edm.String" />
        <Property Name="name" Type="Edm.String" />
        <Property Name="inLanguage" Type="Edm.String" />
        <Property Name="rights" Type="Edm.String" />
        <Property Name="superEvent" Type="ClerkApi.Metadata.Models.FloorSummary.SuperEvent" />
        <Property Name="startDate" Type="Edm.String" />
        <Property Name="endDate" Type="Edm.String" />
        <Property Name="url" Type="Edm.String" />
        <Property Name="prevEndDate" Type="Edm.String" />
        <Property Name="nextStartDate" Type="Edm.String" />
        <Property Name="subEvent" Type="Collection(ClerkApi.Metadata.Models.FloorSummary.SubEvent)" Nullable="false" />
      </EntityType>
      <ComplexType Name="SuperEvent">
        <Property Name="type" Type="Edm.String" />
        <Property Name="name" Type="Edm.String" />
        <Property Name="congressNum" Type="Edm.String" />
        <Property Name="sessionNum" Type="Edm.String" />
        <Property Name="location" Type="ClerkApi.Metadata.Models.FloorSummary.Location" />
      </ComplexType>
      <ComplexType Name="Location">
        <Property Name="type" Type="Edm.String" />
        <Property Name="name" Type="Edm.String" />
        <Property Name="address" Type="ClerkApi.Metadata.Models.FloorSummary.Address" />
      </ComplexType>
      <ComplexType Name="Address">
        <Property Name="type" Type="Edm.String" />
        <Property Name="streetAddress" Type="Edm.String" />
        <Property Name="addressLocality" Type="Edm.String" />
        <Property Name="addressRegion" Type="Edm.String" />
        <Property Name="postalCode" Type="Edm.String" />
      </ComplexType>
      <ComplexType Name="SubEvent">
        <Property Name="type" Type="Edm.String" />
        <Property Name="uniqueId" Type="Edm.String" />
        <Property Name="updateDateTime" Type="Edm.String" />
        <Property Name="actionId" Type="Edm.String" />
        <Property Name="actionTime" Type="Edm.String" />
        <Property Name="legisNum" Type="Edm.String" />
        <Property Name="description" Type="Edm.String" />
        <Property Name="url" Type="Edm.String" />
      </ComplexType>
    </Schema>
    <Schema Namespace="ClerkApi.Metadata.Models.Committee" xmlns="http://schemas.microsoft.com/ado/2009/11/edm">
      <EntityType Name="Committee">
        <Key>
          <PropertyRef Name="id" />
        </Key>
        <Property Name="_id" Type="Edm.String" />
        <Property Name="id" Type="Edm.String" Nullable="false" />
        <Property Name="type" Type="Edm.String" />
        <Property Name="name" Type="Edm.String" />
        <Property Name="inLanguage" Type="Edm.String" />
        <Property Name="rights" Type="Edm.String" />
        <Property Name="additionalType" Type="Edm.String" />
        <Property Name="description" Type="Edm.String" />
        <Property Name="majority" Type="Edm.String" />
        <Property Name="minority" Type="Edm.String" />
        <Property Name="location" Type="ClerkApi.Metadata.Models.Committee.Location" />
        <Property Name="superEvent" Type="ClerkApi.Metadata.Models.Committee.SuperEvent" />
        <NavigationProperty Name="members" Relationship="ClerkApi.Metadata.Models.Committee.ClerkApi_Metadata_Models_Committee_Committee_members_ClerkApi_Metadata_Models_Committee_Member_membersPartner" ToRole="members" FromRole="membersPartner" />
      </EntityType>
      <ComplexType Name="Location">
        <Property Name="type" Type="Edm.String" />
        <Property Name="name" Type="Edm.String" />
        <Property Name="address" Type="ClerkApi.Metadata.Models.Committee.Address" />
        <Property Name="telephone" Type="Edm.String" />
      </ComplexType>
      <ComplexType Name="Address">
        <Property Name="type" Type="Edm.String" />
        <Property Name="streetAddress" Type="Edm.String" />
        <Property Name="addressLocality" Type="Edm.String" />
        <Property Name="addressRegion" Type="Edm.String" />
        <Property Name="postalCode" Type="Edm.String" />
      </ComplexType>
      <ComplexType Name="SuperEvent">
        <Property Name="type" Type="Edm.String" />
        <Property Name="name" Type="Edm.String" />
        <Property Name="majority" Type="Edm.String" />
        <Property Name="congressNum" Type="Edm.String" />
        <Property Name="sessionNum" Type="Edm.String" />
        <Property Name="location" Type="ClerkApi.Metadata.Models.Committee.SuperEventLocation" />
      </ComplexType>
      <ComplexType Name="SuperEventLocation">
        <Property Name="type" Type="Edm.String" />
        <Property Name="name" Type="Edm.String" />
        <Property Name="address" Type="ClerkApi.Metadata.Models.Committee.SuperEventAddress" />
      </ComplexType>
      <ComplexType Name="SuperEventAddress">
        <Property Name="type" Type="Edm.String" />
        <Property Name="streetAddress" Type="Edm.String" />
        <Property Name="addressLocality" Type="Edm.String" />
        <Property Name="addressRegion" Type="Edm.String" />
        <Property Name="postalCode" Type="Edm.String" />
      </ComplexType>
      <EntityType Name="Member">
        <Key>
          <PropertyRef Name="id" />
        </Key>
        <Property Name="type" Type="Edm.String" />
        <Property Name="id" Type="Edm.String" Nullable="false" />
        <Property Name="usCongressBio" Type="Edm.String" />
        <Property Name="rank" Type="Edm.String" />
      </EntityType>
      <Association Name="ClerkApi_Metadata_Models_Committee_Committee_members_ClerkApi_Metadata_Models_Committee_Member_membersPartner">
        <End Type="ClerkApi.Metadata.Models.Committee.Member" Role="members" Multiplicity="*" />
        <End Type="ClerkApi.Metadata.Models.Committee.Committee" Role="membersPartner" Multiplicity="0..1" />
      </Association>
    </Schema>
    <Schema Namespace="ClerkApi.Metadata.Models.CommitteeMeeting" xmlns="http://schemas.microsoft.com/ado/2009/11/edm">
      <EntityType Name="CommitteeMeeting">
        <Key>
          <PropertyRef Name="id" />
        </Key>
        <Property Name="_id" Type="Edm.String" />
        <Property Name="id" Type="Edm.String" Nullable="false" />
        <Property Name="context" Type="Edm.String" />
        <Property Name="type" Type="Edm.String" />
        <Property Name="name" Type="Edm.String" />
        <Property Name="meetingType" Type="Edm.String" />
        <Property Name="created" Type="Edm.String" />
        <Property Name="issued" Type="Edm.String" />
        <Property Name="modified" Type="Collection(Edm.String)" />
        <Property Name="inLanguage" Type="Edm.String" />
        <Property Name="rights" Type="Edm.String" />
        <Property Name="superEvent" Type="ClerkApi.Metadata.Models.CommitteeMeeting.SuperEvent" />
        <Property Name="startDate" Type="Edm.String" />
        <Property Name="endDate" Type="Edm.String" />
        <Property Name="status" Type="Edm.String" />
        <Property Name="url" Type="Edm.String" />
        <Property Name="location" Type="ClerkApi.Metadata.Models.CommitteeMeeting.Location" />
        <Property Name="documents" Type="Collection(ClerkApi.Metadata.Models.CommitteeMeeting.Document)" Nullable="false" />
        <NavigationProperty Name="organizer" Relationship="ClerkApi.Metadata.Models.CommitteeMeeting.ClerkApi_Metadata_Models_CommitteeMeeting_CommitteeMeeting_organizer_ClerkApi_Metadata_Models_CommitteeMeeting_Organizer_organizerPartner" ToRole="organizer" FromRole="organizerPartner" />
      </EntityType>
      <ComplexType Name="SuperEvent">
        <Property Name="type" Type="Edm.String" />
        <Property Name="name" Type="Edm.String" />
        <Property Name="congressNum" Type="Edm.String" />
        <Property Name="sessionNum" Type="Edm.String" />
      </ComplexType>
      <EntityType Name="Organizer">
        <Key>
          <PropertyRef Name="id" />
        </Key>
        <Property Name="id" Type="Edm.String" Nullable="false" />
        <Property Name="type" Type="Edm.String" />
        <Property Name="name" Type="Edm.String" />
        <Property Name="committeeIdentifier" Type="Edm.String" />
      </EntityType>
      <ComplexType Name="Location">
        <Property Name="type" Type="Edm.String" />
        <Property Name="name" Type="Edm.String" />
        <Property Name="address" Type="ClerkApi.Metadata.Models.CommitteeMeeting.Address" />
      </ComplexType>
      <ComplexType Name="Address">
        <Property Name="type" Type="Edm.String" />
        <Property Name="streetAddress" Type="Edm.String" />
        <Property Name="addressLocality" Type="Edm.String" />
        <Property Name="addressRegion" Type="Edm.String" />
        <Property Name="postalCode" Type="Edm.String" />
      </ComplexType>
      <ComplexType Name="Document">
        <Property Name="title" Type="Edm.String" />
        <Property Name="creator" Type="Edm.String" />
        <Property Name="subject" Type="Edm.String" />
        <Property Name="description" Type="Edm.String" />
        <Property Name="created" Type="Edm.String" />
        <Property Name="issued" Type="Edm.String" />
        <Property Name="removed" Type="Edm.String" />
        <Property Name="type" Type="Edm.String" />
        <Property Name="publisher" Type="Edm.String" />
        <Property Name="versionNum" Type="Edm.String" />
        <Property Name="stage" Type="Edm.String" />
        <Property Name="files" Type="Collection(ClerkApi.Metadata.Models.CommitteeMeeting.File)" Nullable="false" />
      </ComplexType>
      <ComplexType Name="File">
        <Property Name="created" Type="Edm.String" />
        <Property Name="issued" Type="Edm.String" />
        <Property Name="format" Type="Edm.String" />
        <Property Name="identifier" Type="Edm.String" />
      </ComplexType>
      <Association Name="ClerkApi_Metadata_Models_CommitteeMeeting_CommitteeMeeting_organizer_ClerkApi_Metadata_Models_CommitteeMeeting_Organizer_organizerPartner">
        <End Type="ClerkApi.Metadata.Models.CommitteeMeeting.Organizer" Role="organizer" Multiplicity="0..1" />
        <End Type="ClerkApi.Metadata.Models.CommitteeMeeting.CommitteeMeeting" Role="organizerPartner" Multiplicity="0..1" />
      </Association>
    </Schema>
    <Schema Namespace="ClerkApi.Metadata.Models.DischargePetition" xmlns="http://schemas.microsoft.com/ado/2009/11/edm">
      <EntityType Name="DischargePetition">
        <Key>
          <PropertyRef Name="id" />
        </Key>
        <Property Name="_id" Type="Edm.String" />
        <Property Name="id" Type="Edm.String" Nullable="false" />
        <Property Name="context" Type="Edm.String" />
        <Property Name="type" Type="Edm.String" />
        <Property Name="name" Type="Edm.String" />
        <Property Name="inLanguage" Type="Edm.String" />
        <Property Name="rights" Type="Edm.String" />
        <Property Name="superEvent" Type="ClerkApi.Metadata.Models.DischargePetition.SuperEvent" />
        <Property Name="dischargeNum" Type="Edm.String" />
        <Property Name="legisNum" Type="Edm.String" />
        <Property Name="startDate" Type="Edm.String" />
        <Property Name="endDate" Type="Edm.String" />
        <Property Name="referralDate" Type="Edm.String" />
        <Property Name="published" Type="ClerkApi.Metadata.Models.DischargePetition.Published" />
        <Property Name="calendar" Type="ClerkApi.Metadata.Models.DischargePetition.Calendar" />
        <NavigationProperty Name="sponsor" Relationship="ClerkApi.Metadata.Models.DischargePetition.ClerkApi_Metadata_Models_DischargePetition_DischargePetition_sponsor_ClerkApi_Metadata_Models_DischargePetition_Sponsor_sponsorPartner" ToRole="sponsor" FromRole="sponsorPartner" />
        <NavigationProperty Name="committees" Relationship="ClerkApi.Metadata.Models.DischargePetition.ClerkApi_Metadata_Models_DischargePetition_DischargePetition_committees_ClerkApi_Metadata_Models_DischargePetition_Committee_committeesPartner" ToRole="committees" FromRole="committeesPartner" />
        <NavigationProperty Name="members" Relationship="ClerkApi.Metadata.Models.DischargePetition.ClerkApi_Metadata_Models_DischargePetition_DischargePetition_members_ClerkApi_Metadata_Models_DischargePetition_Member_membersPartner" ToRole="members" FromRole="membersPartner" />
      </EntityType>
      <ComplexType Name="SuperEvent">
        <Property Name="type" Type="Edm.String" />
        <Property Name="name" Type="Edm.String" />
        <Property Name="congressNum" Type="Edm.String" />
        <Property Name="location" Type="ClerkApi.Metadata.Models.DischargePetition.Location" />
      </ComplexType>
      <ComplexType Name="Location">
        <Property Name="type" Type="Edm.String" />
        <Property Name="name" Type="Edm.String" />
        <Property Name="address" Type="ClerkApi.Metadata.Models.DischargePetition.Address" />
      </ComplexType>
      <ComplexType Name="Address">
        <Property Name="type" Type="Edm.String" />
        <Property Name="streetAddress" Type="Edm.String" />
        <Property Name="addressLocality" Type="Edm.String" />
        <Property Name="addressRegion" Type="Edm.String" />
        <Property Name="postalCode" Type="Edm.String" />
      </ComplexType>
      <ComplexType Name="Published">
        <Property Name="type" Type="Edm.String" />
        <Property Name="actionTime" Type="Edm.String" />
      </ComplexType>
      <ComplexType Name="Calendar">
        <Property Name="type" Type="Edm.String" />
        <Property Name="actionTime" Type="Edm.String" />
      </ComplexType>
      <EntityType Name="Sponsor">
        <Key>
          <PropertyRef Name="id" />
        </Key>
        <Property Name="type" Type="Edm.String" />
        <Property Name="id" Type="Edm.String" Nullable="false" />
      </EntityType>
      <EntityType Name="Committee">
        <Key>
          <PropertyRef Name="id" />
        </Key>
        <Property Name="id" Type="Edm.String" Nullable="false" />
        <Property Name="type" Type="Edm.String" />
        <Property Name="name" Type="Edm.String" />
        <Property Name="committeeIdentifier" Type="Edm.String" />
      </EntityType>
      <EntityType Name="Member">
        <Key>
          <PropertyRef Name="id" />
        </Key>
        <Property Name="type" Type="Edm.String" />
        <Property Name="id" Type="Edm.String" Nullable="false" />
        <Property Name="subEvent" Type="Collection(ClerkApi.Metadata.Models.DischargePetition.SubEvent)" Nullable="false" />
      </EntityType>
      <ComplexType Name="SubEvent">
        <Property Name="type" Type="Edm.String" />
        <Property Name="name" Type="Edm.String" />
        <Property Name="actionTime" Type="Edm.String" />
      </ComplexType>
      <Association Name="ClerkApi_Metadata_Models_DischargePetition_DischargePetition_sponsor_ClerkApi_Metadata_Models_DischargePetition_Sponsor_sponsorPartner">
        <End Type="ClerkApi.Metadata.Models.DischargePetition.Sponsor" Role="sponsor" Multiplicity="0..1" />
        <End Type="ClerkApi.Metadata.Models.DischargePetition.DischargePetition" Role="sponsorPartner" Multiplicity="0..1" />
      </Association>
      <Association Name="ClerkApi_Metadata_Models_DischargePetition_DischargePetition_committees_ClerkApi_Metadata_Models_DischargePetition_Committee_committeesPartner">
        <End Type="ClerkApi.Metadata.Models.DischargePetition.Committee" Role="committees" Multiplicity="*" />
        <End Type="ClerkApi.Metadata.Models.DischargePetition.DischargePetition" Role="committeesPartner" Multiplicity="0..1" />
      </Association>
      <Association Name="ClerkApi_Metadata_Models_DischargePetition_DischargePetition_members_ClerkApi_Metadata_Models_DischargePetition_Member_membersPartner">
        <End Type="ClerkApi.Metadata.Models.DischargePetition.Member" Role="members" Multiplicity="*" />
        <End Type="ClerkApi.Metadata.Models.DischargePetition.DischargePetition" Role="membersPartner" Multiplicity="0..1" />
      </Association>
    </Schema>
    <Schema Namespace="ClerkApi.Metadata.Models.FloorSchedule" xmlns="http://schemas.microsoft.com/ado/2009/11/edm">
      <EntityType Name="FloorSchedule">
        <Key>
          <PropertyRef Name="id" />
        </Key>
        <Property Name="_id" Type="Edm.String" />
        <Property Name="id" Type="Edm.String" Nullable="false" />
        <Property Name="context" Type="Edm.String" />
        <Property Name="type" Type="Edm.String" />
        <Property Name="name" Type="Edm.String" />
        <Property Name="inLanguage" Type="Edm.String" />
        <Property Name="rights" Type="Edm.String" />
        <Property Name="superEvent" Type="ClerkApi.Metadata.Models.FloorSchedule.SuperEvent" />
        <Property Name="startDate" Type="Edm.String" />
        <Property Name="endDate" Type="Edm.String" />
        <Property Name="url" Type="Edm.String" />
        <Property Name="prevEndDate" Type="Edm.String" />
        <Property Name="nextStartDate" Type="Edm.String" />
        <Property Name="subEvent" Type="Collection(ClerkApi.Metadata.Models.FloorSchedule.SubEvent)" Nullable="false" />
      </EntityType>
      <ComplexType Name="SuperEvent">
        <Property Name="type" Type="Edm.String" />
        <Property Name="name" Type="Edm.String" />
        <Property Name="congressNum" Type="Edm.String" />
        <Property Name="sessionNum" Type="Edm.String" />
        <Property Name="location" Type="ClerkApi.Metadata.Models.FloorSchedule.Location" />
      </ComplexType>
      <ComplexType Name="Location">
        <Property Name="type" Type="Edm.String" />
        <Property Name="name" Type="Edm.String" />
        <Property Name="address" Type="ClerkApi.Metadata.Models.FloorSchedule.Address" />
      </ComplexType>
      <ComplexType Name="Address">
        <Property Name="type" Type="Edm.String" />
        <Property Name="streetAddress" Type="Edm.String" />
        <Property Name="addressLocality" Type="Edm.String" />
        <Property Name="addressRegion" Type="Edm.String" />
        <Property Name="postalCode" Type="Edm.String" />
      </ComplexType>
      <ComplexType Name="SubEvent">
        <Property Name="type" Type="Edm.String" />
        <Property Name="uniqueId" Type="Edm.String" />
        <Property Name="updateDateTime" Type="Edm.String" />
        <Property Name="actionId" Type="Edm.String" />
        <Property Name="actionTime" Type="Edm.String" />
        <Property Name="legisNum" Type="Edm.String" />
        <Property Name="description" Type="Edm.String" />
        <Property Name="url" Type="Edm.String" />
      </ComplexType>
    </Schema>
    <Schema Namespace="ClerkApi.Metadata.Models.Bill" xmlns="http://schemas.microsoft.com/ado/2009/11/edm">
      <EntityType Name="HouseBill">
        <Property Name="_id" Type="Edm.String" />
        <Property Name="bill" Type="ClerkApi.Metadata.Models.Bill.Bill" />
        <Property Name="congressUrl" Type="Edm.String" />
      </EntityType>
      <ComplexType Name="Bill">
        <Property Name="actions" Type="ClerkApi.Metadata.Models.Bill.Actions" />
        <Property Name="amendments" Type="ClerkApi.Metadata.Models.Bill.Amendments" />
        <Property Name="billNumber" Type="Edm.String" />
        <Property Name="billType" Type="Edm.String" />
        <Property Name="calendarNumbers" Type="Collection(Edm.String)" />
        <Property Name="cboCostEstimates" Type="Collection(Edm.String)" />
        <Property Name="committeeReports" Type="Collection(Edm.String)" />
        <Property Name="committees" Type="ClerkApi.Metadata.Models.Bill.Committees" />
        <Property Name="congress" Type="Edm.Int32" Nullable="false" />
        <Property Name="constitutionalAuthorityStatementText" Type="Edm.String" />
        <Property Name="cosponsors" Type="ClerkApi.Metadata.Models.Bill.Cosponsors" />
        <Property Name="createDate" Type="Edm.String" />
        <Property Name="introducedDate" Type="Edm.String" />
        <Property Name="latestAction" Type="ClerkApi.Metadata.Models.Bill.LatestAction" />
        <Property Name="laws" Type="Collection(Edm.String)" />
        <Property Name="notes" Type="Collection(Edm.String)" />
        <Property Name="originChamber" Type="Edm.String" />
        <Property Name="policyArea" Type="ClerkApi.Metadata.Models.Bill.PolicyArea" />
        <Property Name="recordedVotes" Type="Collection(Edm.String)" />
        <Property Name="relatedBills" Type="ClerkApi.Metadata.Models.Bill.RelatedBills" />
        <Property Name="sponsors" Type="Collection(ClerkApi.Metadata.Models.Bill.Sponsor)" Nullable="false" />
        <Property Name="subjects" Type="ClerkApi.Metadata.Models.Bill.Subjects" />
        <Property Name="summaries" Type="ClerkApi.Metadata.Models.Bill.Summaries" />
        <Property Name="textVersions" Type="ClerkApi.Metadata.Models.Bill.TextVersions" />
        <Property Name="title" Type="Edm.String" />
        <Property Name="titles" Type="ClerkApi.Metadata.Models.Bill.Titles" />
        <Property Name="updateDate" Type="Edm.String" />
      </ComplexType>
      <ComplexType Name="Actions">
        <Property Name="count" Type="Edm.Int32" Nullable="false" />
        <Property Name="url" Type="Edm.String" />
        <Property Name="detail" Type="ClerkApi.Metadata.Models.Bill.ActionsDetail" />
      </ComplexType>
      <ComplexType Name="ActionsDetail">
        <Property Name="actionByCounts" Type="ClerkApi.Metadata.Models.Bill.ActionByCounts" />
        <Property Name="actionTypeCounts" Type="ClerkApi.Metadata.Models.Bill.ActionTypeCounts" />
        <Property Name="actions" Type="Collection(ClerkApi.Metadata.Models.Bill.Action)" Nullable="false" />
      </ComplexType>
      <ComplexType Name="ActionByCounts">
        <Property Name="houseOfRepresentatives" Type="Edm.Int32" Nullable="false" />
      </ComplexType>
      <ComplexType Name="ActionTypeCounts">
        <Property Name="billReferrals" Type="Edm.Int32" Nullable="false" />
        <Property Name="introducedInHouse" Type="Edm.Int32" Nullable="false" />
        <Property Name="introducedInTheHouse" Type="Edm.Int32" Nullable="false" />
      </ComplexType>
      <ComplexType Name="Action">
        <Property Name="actionCode" Type="Edm.String" />
        <Property Name="actionDate" Type="Edm.String" />
        <Property Name="committee" Type="ClerkApi.Metadata.Models.Bill.Committee" />
        <Property Name="links" Type="Collection(Edm.String)" />
        <Property Name="sourceSystem" Type="ClerkApi.Metadata.Models.Bill.SourceSystem" />
        <Property Name="text" Type="Edm.String" />
        <Property Name="type" Type="Edm.String" />
      </ComplexType>
      <ComplexType Name="Committee">
        <Property Name="name" Type="Edm.String" />
        <Property Name="systemCode" Type="Edm.String" />
        <Property Name="url" Type="Edm.String" />
      </ComplexType>
      <ComplexType Name="SourceSystem">
        <Property Name="code" Type="Edm.Int32" Nullable="false" />
        <Property Name="name" Type="Edm.String" />
      </ComplexType>
      <ComplexType Name="Amendments">
        <Property Name="count" Type="Edm.Int32" Nullable="false" />
        <Property Name="url" Type="Edm.String" />
        <Property Name="detail" Type="ClerkApi.Metadata.Models.Bill.AmendmentsDetail" />
      </ComplexType>
      <ComplexType Name="AmendmentsDetail">
        <Property Name="amendments" Type="Collection(Edm.String)" />
      </ComplexType>
      <ComplexType Name="Committees">
        <Property Name="count" Type="Edm.Int32" Nullable="false" />
        <Property Name="url" Type="Edm.String" />
        <Property Name="detail" Type="ClerkApi.Metadata.Models.Bill.CommitteesDetail" />
      </ComplexType>
      <ComplexType Name="CommitteesDetail">
        <Property Name="billCommittees" Type="Collection(ClerkApi.Metadata.Models.Bill.BillCommittee)" Nullable="false" />
      </ComplexType>
      <ComplexType Name="BillCommittee">
        <Property Name="activities" Type="Collection(ClerkApi.Metadata.Models.Bill.Activity)" Nullable="false" />
        <Property Name="chamber" Type="Edm.String" />
        <Property Name="name" Type="Edm.String" />
        <Property Name="subcommittees" Type="Collection(Edm.String)" />
        <Property Name="systemCode" Type="Edm.String" />
        <Property Name="type" Type="Edm.String" />
        <Property Name="url" Type="Edm.String" />
      </ComplexType>
      <ComplexType Name="Activity">
        <Property Name="date" Type="Edm.String" />
        <Property Name="name" Type="Edm.String" />
      </ComplexType>
      <ComplexType Name="Cosponsors">
        <Property Name="currentCount" Type="Edm.Int32" Nullable="false" />
        <Property Name="totalCount" Type="Edm.Int32" Nullable="false" />
        <Property Name="url" Type="Edm.String" />
        <Property Name="detail" Type="ClerkApi.Metadata.Models.Bill.CosponsorsDetail" />
      </ComplexType>
      <ComplexType Name="CosponsorsDetail">
        <Property Name="cosponsors" Type="Collection(Edm.String)" />
      </ComplexType>
      <ComplexType Name="LatestAction">
        <Property Name="actionDate" Type="Edm.String" />
        <Property Name="links" Type="Collection(Edm.String)" />
        <Property Name="text" Type="Edm.String" />
      </ComplexType>
      <ComplexType Name="PolicyArea">
        <Property Name="name" Type="Edm.String" />
      </ComplexType>
      <ComplexType Name="RelatedBills">
        <Property Name="count" Type="Edm.Int32" Nullable="false" />
        <Property Name="url" Type="Edm.String" />
        <Property Name="detail" Type="ClerkApi.Metadata.Models.Bill.RelatedBillsDetail" />
      </ComplexType>
      <ComplexType Name="RelatedBillsDetail">
        <Property Name="relatedBills" Type="Collection(ClerkApi.Metadata.Models.Bill.RelatedBill)" Nullable="false" />
      </ComplexType>
      <ComplexType Name="RelatedBill">
        <Property Name="congress" Type="Edm.Int32" Nullable="false" />
        <Property Name="latestAction" Type="ClerkApi.Metadata.Models.Bill.RelatedBillLatestAction" />
        <Property Name="latestTitle" Type="Edm.String" />
        <Property Name="number" Type="Edm.Int32" Nullable="false" />
        <Property Name="relationshipDetails" Type="Collection(ClerkApi.Metadata.Models.Bill.RelationshipDetail)" Nullable="false" />
        <Property Name="type" Type="Edm.String" />
        <Property Name="url" Type="Edm.String" />
      </ComplexType>
      <ComplexType Name="RelatedBillLatestAction">
        <Property Name="actionDate" Type="Edm.String" />
        <Property Name="text" Type="Edm.String" />
      </ComplexType>
      <ComplexType Name="RelationshipDetail">
        <Property Name="identifiedBy" Type="Edm.String" />
        <Property Name="type" Type="Edm.String" />
      </ComplexType>
      <ComplexType Name="Sponsor">
        <Property Name="bioguideId" Type="Edm.String" />
        <Property Name="byRequestType" Type="Edm.String" />
        <Property Name="firstName" Type="Edm.String" />
        <Property Name="fullName" Type="Edm.String" />
        <Property Name="lastName" Type="Edm.String" />
        <Property Name="middleName" Type="Edm.String" />
        <Property Name="url" Type="Edm.String" />
        <Property Name="congressUrl" Type="Edm.String" />
      </ComplexType>
      <ComplexType Name="Subjects">
        <Property Name="count" Type="Edm.Int32" Nullable="false" />
        <Property Name="url" Type="Edm.String" />
        <Property Name="detail" Type="ClerkApi.Metadata.Models.Bill.BillSubjectsDetail" />
      </ComplexType>
      <ComplexType Name="BillSubjectsDetail">
        <Property Name="billSubjects" Type="ClerkApi.Metadata.Models.Bill.BillSubjects" />
      </ComplexType>
      <ComplexType Name="BillSubjects">
        <Property Name="legislativeSubjects" Type="Collection(ClerkApi.Metadata.Models.Bill.LegislativeSubject)" Nullable="false" />
        <Property Name="policyArea" Type="ClerkApi.Metadata.Models.Bill.BillSubjectsPolicyArea" />
      </ComplexType>
      <ComplexType Name="LegislativeSubject">
        <Property Name="name" Type="Edm.String" />
      </ComplexType>
      <ComplexType Name="BillSubjectsPolicyArea">
        <Property Name="name" Type="Edm.String" />
      </ComplexType>
      <ComplexType Name="Summaries">
        <Property Name="count" Type="Edm.Int32" Nullable="false" />
        <Property Name="url" Type="Edm.String" />
        <Property Name="detail" Type="ClerkApi.Metadata.Models.Bill.SummariesDetail" />
      </ComplexType>
      <ComplexType Name="SummariesDetail">
        <Property Name="billSummaries" Type="Collection(ClerkApi.Metadata.Models.Bill.BillSummary)" Nullable="false" />
      </ComplexType>
      <ComplexType Name="BillSummary">
        <Property Name="actionDate" Type="Edm.String" />
        <Property Name="actionDesc" Type="Edm.String" />
        <Property Name="lastSummaryUpdateDate" Type="Edm.String" />
        <Property Name="name" Type="Edm.String" />
        <Property Name="text" Type="Edm.String" />
        <Property Name="updateDate" Type="Edm.String" />
        <Property Name="versionCode" Type="Edm.String" />
      </ComplexType>
      <ComplexType Name="TextVersions">
        <Property Name="count" Type="Edm.Int32" Nullable="false" />
        <Property Name="url" Type="Edm.String" />
        <Property Name="detail" Type="ClerkApi.Metadata.Models.Bill.TextVersionsDetail" />
      </ComplexType>
      <ComplexType Name="TextVersionsDetail">
        <Property Name="textVersions" Type="Collection(ClerkApi.Metadata.Models.Bill.TextVersion)" Nullable="false" />
      </ComplexType>
      <ComplexType Name="TextVersion">
        <Property Name="date" Type="Edm.String" />
        <Property Name="formats" Type="Collection(ClerkApi.Metadata.Models.Bill.Format)" Nullable="false" />
        <Property Name="type" Type="Edm.String" />
      </ComplexType>
      <ComplexType Name="Format">
        <Property Name="type" Type="Edm.String" />
        <Property Name="url" Type="Edm.String" />
      </ComplexType>
      <ComplexType Name="Titles">
        <Property Name="count" Type="Edm.Int32" Nullable="false" />
        <Property Name="url" Type="Edm.String" />
        <Property Name="detail" Type="ClerkApi.Metadata.Models.Bill.TitlesDetail" />
      </ComplexType>
      <ComplexType Name="TitlesDetail">
        <Property Name="titles" Type="Collection(ClerkApi.Metadata.Models.Bill.Title)" Nullable="false" />
      </ComplexType>
      <ComplexType Name="Title">
        <Property Name="chamberCode" Type="Edm.String" />
        <Property Name="chamberName" Type="Edm.String" />
        <Property Name="parentTitleType" Type="Edm.String" />
        <Property Name="title" Type="Edm.String" />
        <Property Name="titleType" Type="Edm.String" />
      </ComplexType>
    </Schema>
    <Schema Namespace="ClerkApi.Metadata.Models.Member" xmlns="http://schemas.microsoft.com/ado/2009/11/edm">
      <EntityType Name="Member">
        <Key>
          <PropertyRef Name="id" />
        </Key>
        <Property Name="_id" Type="Edm.String" />
        <Property Name="id" Type="Edm.String" Nullable="false" />
        <Property Name="type" Type="Edm.String" />
        <Property Name="active" Type="Edm.String" />
        <Property Name="createDate" Type="Edm.String" />
        <Property Name="updateDate" Type="Edm.String" />
        <Property Name="editor" Type="Edm.String" />
        <Property Name="status" Type="Edm.String" />
        <Property Name="statusDate" Type="Edm.String" />
        <Property Name="reviewer" Type="Edm.String" />
        <Property Name="bioGivenNames" Type="Edm.String" />
        <Property Name="honorificPrefix" Type="Edm.String" />
        <Property Name="givenName" Type="Edm.String" />
        <Property Name="additionalName" Type="Edm.String" />
        <Property Name="middleName" Type="Edm.String" />
        <Property Name="familyName" Type="Edm.String" />
        <Property Name="nickName" Type="Edm.String" />
        <Property Name="displayLastName" Type="Edm.String" />
        <Property Name="honorificSuffix" Type="Edm.String" />
        <Property Name="formalName" Type="Edm.String" />
        <Property Name="oathOfAccessDate" Type="Edm.String" />
        <Property Name="oathOfOfficeDate" Type="Edm.String" />
        <Property Name="inLanguage" Type="Edm.String" />
        <Property Name="rights" Type="Edm.String" />
        <Property Name="addresses" Type="Collection(ClerkApi.Metadata.Models.Member.Address)" Nullable="false" />
        <Property Name="image" Type="Edm.String" />
        <Property Name="url" Type="Edm.String" />
        <Property Name="birthMonth" Type="Edm.String" />
        <Property Name="birthDay" Type="Edm.String" />
        <Property Name="birthYear" Type="Edm.String" />
        <Property Name="birthCirca" Type="Edm.String" />
        <Property Name="deathMonth" Type="Edm.String" />
        <Property Name="deathDay" Type="Edm.String" />
        <Property Name="deathYear" Type="Edm.String" />
        <Property Name="deathCirca" Type="Edm.String" />
        <Property Name="relatedTo" Type="Collection(ClerkApi.Metadata.Models.Member.RelatedTo)" Nullable="false" />
        <Property Name="nonCongressionalPositions" Type="Collection(ClerkApi.Metadata.Models.Member.NonCongressionalPosition)" Nullable="false" />
        <Property Name="congresses" Type="Collection(ClerkApi.Metadata.Models.Member.Congress)" Nullable="false" />
        <Property Name="footnotes" Type="Collection(Edm.String)" />
      </EntityType>
      <ComplexType Name="Address">
        <Property Name="type" Type="Edm.String" />
        <Property Name="name" Type="Edm.String" />
        <Property Name="streetAddress" Type="Edm.String" />
        <Property Name="addressLocality" Type="Edm.String" />
        <Property Name="addressRegion" Type="Edm.String" />
        <Property Name="postalCode" Type="Edm.String" />
        <Property Name="telephone" Type="Edm.String" />
      </ComplexType>
      <ComplexType Name="RelatedTo">
        <Property Name="type" Type="Edm.String" />
        <Property Name="usCongressBio" Type="Edm.String" />
        <Property Name="relationship" Type="Edm.String" />
      </ComplexType>
      <ComplexType Name="NonCongressionalPosition">
        <Property Name="jobTitle" Type="Edm.String" />
        <Property Name="startMonth" Type="Edm.String" />
        <Property Name="startDay" Type="Edm.String" />
        <Property Name="startYear" Type="Edm.String" />
        <Property Name="startCirca" Type="Edm.String" />
        <Property Name="endMonth" Type="Edm.String" />
        <Property Name="endDay" Type="Edm.String" />
        <Property Name="endYear" Type="Edm.String" />
        <Property Name="endCirca" Type="Edm.String" />
      </ComplexType>
      <ComplexType Name="Congress">
        <Property Name="type" Type="Edm.String" />
        <Property Name="congressNum" Type="Edm.String" />
        <Property Name="specialElection" Type="Edm.String" />
        <Property Name="runOff" Type="Edm.String" />
        <Property Name="position" Type="Edm.String" />
        <Property Name="chamber" Type="Edm.String" />
        <Property Name="stateCode" Type="Edm.String" />
        <Property Name="stateDistrict" Type="Edm.String" />
        <Property Name="ballotHonorificPrefix" Type="Edm.String" />
        <Property Name="ballotGivenName" Type="Edm.String" />
        <Property Name="ballotAdditionalName" Type="Edm.String" />
        <Property Name="ballotFamilyName" Type="Edm.String" />
        <Property Name="ballotHonorificSuffix" Type="Edm.String" />
        <Property Name="ballotNickName" Type="Edm.String" />
        <Property Name="officialHonorificPrefix" Type="Edm.String" />
        <Property Name="officialGivenName" Type="Edm.String" />
        <Property Name="officialAdditionalName" Type="Edm.String" />
        <Property Name="officialFamilyName" Type="Edm.String" />
        <Property Name="officialNickName" Type="Edm.String" />
        <Property Name="officialHonorificSuffix" Type="Edm.String" />
        <Property Name="duplicateName" Type="Edm.String" />
        <Property Name="electionMonth" Type="Edm.String" />
        <Property Name="electionDay" Type="Edm.String" />
        <Property Name="electionYear" Type="Edm.String" />
        <Property Name="electionCirca" Type="Edm.String" />
        <Property Name="swornMonth" Type="Edm.String" />
        <Property Name="swornDay" Type="Edm.String" />
        <Property Name="swornYear" Type="Edm.String" />
        <Property Name="swornCirca" Type="Edm.String" />
        <Property Name="startMonth" Type="Edm.String" />
        <Property Name="startDay" Type="Edm.String" />
        <Property Name="startYear" Type="Edm.String" />
        <Property Name="startCirca" Type="Edm.String" />
        <Property Name="departureMonth" Type="Edm.String" />
        <Property Name="departureDay" Type="Edm.String" />
        <Property Name="departureYear" Type="Edm.String" />
        <Property Name="departureCirca" Type="Edm.String" />
        <Property Name="departureReason" Type="Edm.String" />
        <Property Name="committeeAssignments" Type="Collection(ClerkApi.Metadata.Models.Member.CommitteeAssignment)" Nullable="false" />
        <Property Name="partyAffiliations" Type="Collection(ClerkApi.Metadata.Models.Member.PartyAffiliation)" Nullable="false" />
        <Property Name="caucusAffiliations" Type="Collection(ClerkApi.Metadata.Models.Member.CaucusAffiliation)" Nullable="false" />
      </ComplexType>
      <ComplexType Name="CommitteeAssignment">
        <Property Name="committeeName" Type="Edm.String" />
      </ComplexType>
      <ComplexType Name="PartyAffiliation">
        <Property Name="type" Type="Edm.String" />
        <Property Name="name" Type="Edm.String" />
        <Property Name="startMonth" Type="Edm.String" />
        <Property Name="startDay" Type="Edm.String" />
        <Property Name="startYear" Type="Edm.String" />
        <Property Name="startCirca" Type="Edm.String" />
        <Property Name="endMonth" Type="Edm.String" />
        <Property Name="endDay" Type="Edm.String" />
        <Property Name="endYear" Type="Edm.String" />
        <Property Name="endCirca" Type="Edm.String" />
      </ComplexType>
      <ComplexType Name="CaucusAffiliation">
        <Property Name="type" Type="Edm.String" />
        <Property Name="name" Type="Edm.String" />
        <Property Name="startMonth" Type="Edm.String" />
        <Property Name="startDay" Type="Edm.String" />
        <Property Name="startYear" Type="Edm.String" />
        <Property Name="startCirca" Type="Edm.String" />
        <Property Name="endMonth" Type="Edm.String" />
        <Property Name="endDay" Type="Edm.String" />
        <Property Name="endYear" Type="Edm.String" />
        <Property Name="endCirca" Type="Edm.String" />
      </ComplexType>
    </Schema>
    <Schema Namespace="Default" xmlns="http://schemas.microsoft.com/ado/2009/11/edm">
      <EntityContainer Name="Container" m:IsDefaultEntityContainer="true">
        <EntitySet Name="Votes" EntityType="ClerkApi.Metadata.Models.Vote.Vote" />
        <EntitySet Name="FloorSummaries" EntityType="ClerkApi.Metadata.Models.FloorSummary.FloorSummary" />
        <EntitySet Name="Committees" EntityType="ClerkApi.Metadata.Models.Committee.Committee" />
        <EntitySet Name="CommitteeMeetings" EntityType="ClerkApi.Metadata.Models.CommitteeMeeting.CommitteeMeeting" />
        <EntitySet Name="DischargePetitions" EntityType="ClerkApi.Metadata.Models.DischargePetition.DischargePetition" />
        <EntitySet Name="FloorSchedules" EntityType="ClerkApi.Metadata.Models.FloorSchedule.FloorSchedule" />
        <EntitySet Name="Bills" EntityType="ClerkApi.Metadata.Models.Bill.HouseBill" />
        <EntitySet Name="Members" EntityType="ClerkApi.Metadata.Models.Member.Member" />
      </EntityContainer>
    </Schema>
  </edmx:DataServices>
</edmx:Edmx>