﻿{"_id":"20190725","id":"http:\/\/clerkapi.house.gov\/HouseLive\/20190725","context":"houseLiveContext.jsonld","type":"BroadcastEvent","name":"LEGISLATIVE DAY OF JULY 25, 2019 ","inLanguage":"en-us","rights":"Pursuant to Title 17 Section 105 of the United States Code, this file is not subject to copyright protection and is in the public domain.","superEvent":{"type":"Event","name":"116 Congress, 1 Session","congressNum":"116","sessionNum":"1","location":{"type":"Place","name":"U.S. House of Representatives","address":{"type":"PostalAddress","streetAddress":"The United States Capitol","addressLocality":"Washington","addressRegion":"DC","postalCode":"20515"}}},"startDate":"2019-07-25T10:00:00.000","endDate":"","updatedDate":"2019-07-25T11:36:06.870","videoFormat":"AdaptiveBitrateStreaming","subtitleLanguage":"en-us","isLiveBroadcast":"True","asset":{"type":"LiveBroadcastEvent","id":"nb:cid:UUID:886c89e0-6a9e-45c7-a30e-b90fec14c6a9","name":"2019-07-25T09-54-38","files":[{"type":"WebVTT","id":"nb:cid:UUID:aab57683-09b6-4a0f-8b25-3ebb3704cafd","name":"captions.vtt","url":"https:\/\/houseliveprodeast1.blob.core.windows.net\/asset-886c89e0-6a9e-45c7-a30e-b90fec14c6a9\/captions.vtt?sv=2017-04-17&sr=c&si=0a59b54a-1ea8-44e3-be0a-58d26f637204&sig=Fe1doR5nOEAJDPFz33wn94RjVVtaWD%2FcuGVBUbfrRJY%3D&se=2119-07-01T13%3A54%3A38Z"},{"type":"SmoothStreamingManifest","id":"nb:cid:UUID:be44dfc9-c4e3-4bb1-8744-34dadf957a75","name":"6868f6dd-52cf-4197-b1fe-4cc0369ef5f9.ism","url":"https:\/\/houseliveprod.streaming.mediaservices.windows.net\/ab842c06-8686-41e8-a657-561686c77f37\/6868f6dd-52cf-4197-b1fe-4cc0369ef5f9.ism\/manifest"}]}}